timestamp,container,memory_used_mb,memory_limit_mb,memory_percent,cpu_percent
2025-12-04 23:26:31,budget-web-backend,460.70,48056.32,0,
2025-12-04 23:26:31,budget-web-frontend,84.84,48056.32,0,
2025-12-04 23:26:41,budget-web-backend,460.70,48056.32,0,
2025-12-04 23:26:41,budget-web-frontend,84.87,48056.32,0,
2025-12-04 23:26:50,budget-web-backend,460.70,48056.32,0,
2025-12-04 23:26:50,budget-web-frontend,84.90,48056.32,0,
2025-12-04 23:26:59,budget-web-backend,460.70,48056.32,0,
2025-12-04 23:26:59,budget-web-frontend,84.93,48056.32,0,
2025-12-04 23:27:08,budget-web-backend,460.70,48056.32,0,
2025-12-04 23:27:08,budget-web-frontend,84.95,48056.32,0,
2025-12-04 23:27:17,budget-web-backend,460.70,48056.32,0,
2025-12-04 23:27:17,budget-web-frontend,85.20,48056.32,0,
2025-12-04 23:27:26,budget-web-backend,460.70,48056.32,0,
2025-12-04 23:27:26,budget-web-frontend,85.23,48056.32,0,
2025-12-04 23:27:35,budget-web-backend,460.70,48056.32,0,
2025-12-04 23:27:35,budget-web-frontend,85.26,48056.32,0,
2025-12-04 23:27:44,budget-web-backend,460.70,48056.32,0,
2025-12-04 23:27:44,budget-web-frontend,85.29,48056.32,0,
2025-12-04 23:27:53,budget-web-backend,460.70,48056.32,0,
2025-12-04 23:27:53,budget-web-frontend,85.32,48056.32,0,
2025-12-04 23:28:02,budget-web-backend,460.70,48056.32,0,
2025-12-04 23:28:02,budget-web-frontend,85.36,48056.32,0,
2025-12-04 23:28:11,budget-web-backend,460.70,48056.32,0,
2025-12-04 23:28:11,budget-web-frontend,85.40,48056.32,0,
2025-12-04 23:28:20,budget-web-backend,460.70,48056.32,0,
2025-12-04 23:28:20,budget-web-frontend,85.41,48056.32,0,
2025-12-04 23:28:29,budget-web-backend,460.70,48056.32,0,
2025-12-04 23:28:29,budget-web-frontend,85.45,48056.32,0,
2025-12-04 23:28:39,budget-web-backend,460.70,48056.32,0,
2025-12-04 23:28:39,budget-web-frontend,85.49,48056.32,0,
2025-12-04 23:28:48,budget-web-backend,460.70,48056.32,0,
2025-12-04 23:28:48,budget-web-frontend,85.52,48056.32,0,
2025-12-04 23:28:57,budget-web-backend,460.70,48056.32,0,
2025-12-04 23:28:57,budget-web-frontend,85.56,48056.32,0,
2025-12-04 23:29:06,budget-web-backend,460.70,48056.32,0,
2025-12-04 23:29:06,budget-web-frontend,85.60,48056.32,0,
2025-12-04 23:29:15,budget-web-backend,460.70,48056.32,0,
2025-12-04 23:29:15,budget-web-frontend,85.64,48056.32,0,
2025-12-04 23:29:24,budget-web-backend,460.70,48056.32,0,
2025-12-04 23:29:24,budget-web-frontend,85.70,48056.32,0,
2025-12-04 23:29:33,budget-web-backend,460.70,48056.32,0,
2025-12-04 23:29:33,budget-web-frontend,85.74,48056.32,0,
2025-12-04 23:29:42,budget-web-backend,460.70,48056.32,0,
2025-12-04 23:29:42,budget-web-frontend,85.78,48056.32,0,
2025-12-04 23:29:51,budget-web-backend,460.70,48056.32,0,
2025-12-04 23:29:51,budget-web-frontend,85.82,48056.32,0,
2025-12-04 23:30:00,budget-web-backend,460.70,48056.32,0,
2025-12-04 23:30:00,budget-web-frontend,85.86,48056.32,0,
2025-12-04 23:30:09,budget-web-backend,460.70,48056.32,0,
2025-12-04 23:30:09,budget-web-frontend,85.89,48056.32,0,
2025-12-04 23:30:18,budget-web-backend,460.70,48056.32,0,
2025-12-04 23:30:18,budget-web-frontend,84.89,48056.32,0,
2025-12-04 23:30:27,budget-web-backend,460.70,48056.32,0,
2025-12-04 23:30:27,budget-web-frontend,84.93,48056.32,0,
2025-12-04 23:30:36,budget-web-backend,460.70,48056.32,0,
2025-12-04 23:30:36,budget-web-frontend,84.96,48056.32,0,
2025-12-04 23:30:45,budget-web-backend,460.70,48056.32,0,
2025-12-04 23:30:45,budget-web-frontend,85.00,48056.32,0,
2025-12-04 23:30:54,budget-web-backend,460.70,48056.32,0,
2025-12-04 23:30:54,budget-web-frontend,85.03,48056.32,0,
2025-12-04 23:31:03,budget-web-backend,460.70,48056.32,0,
2025-12-04 23:31:03,budget-web-frontend,85.06,48056.32,0,
2025-12-04 23:31:12,budget-web-backend,460.70,48056.32,0,
2025-12-04 23:31:12,budget-web-frontend,85.09,48056.32,0,
2025-12-04 23:31:21,budget-web-backend,460.70,48056.32,0,
2025-12-04 23:31:21,budget-web-frontend,85.12,48056.32,0,
2025-12-04 23:31:30,budget-web-backend,460.70,48056.32,0,
2025-12-04 23:31:30,budget-web-frontend,85.14,48056.32,0,
2025-12-04 23:31:40,budget-web-backend,460.70,48056.32,0,
2025-12-04 23:31:40,budget-web-frontend,85.18,48056.32,0,
2025-12-04 23:31:49,budget-web-backend,460.70,48056.32,0,
2025-12-04 23:31:49,budget-web-frontend,85.20,48056.32,0,
2025-12-04 23:31:58,budget-web-backend,460.70,48056.32,0,
2025-12-04 23:31:58,budget-web-frontend,85.25,48056.32,0,
2025-12-04 23:32:07,budget-web-backend,460.70,48056.32,0,
2025-12-04 23:32:07,budget-web-frontend,85.28,48056.32,0,
2025-12-04 23:32:16,budget-web-backend,460.70,48056.32,0,
2025-12-04 23:32:16,budget-web-frontend,85.54,48056.32,0,
2025-12-04 23:32:25,budget-web-backend,460.70,48056.32,0,
2025-12-04 23:32:25,budget-web-frontend,85.50,48056.32,0,
2025-12-04 23:32:34,budget-web-backend,460.70,48056.32,0,
2025-12-04 23:32:34,budget-web-frontend,85.54,48056.32,0,
2025-12-04 23:32:43,budget-web-backend,460.70,48056.32,0,
2025-12-04 23:32:43,budget-web-frontend,85.57,48056.32,0,
2025-12-04 23:32:52,budget-web-backend,460.90,48056.32,0,
2025-12-04 23:32:52,budget-web-frontend,85.61,48056.32,0,
2025-12-04 23:33:01,budget-web-backend,460.90,48056.32,0,
2025-12-04 23:33:01,budget-web-frontend,85.64,48056.32,0,
2025-12-04 23:33:10,budget-web-backend,460.70,48056.32,0,
2025-12-04 23:33:10,budget-web-frontend,85.68,48056.32,0,
2025-12-04 23:33:19,budget-web-backend,460.70,48056.32,0,
2025-12-04 23:33:19,budget-web-frontend,85.71,48056.32,0,
2025-12-04 23:33:28,budget-web-backend,460.70,48056.32,0,
2025-12-04 23:33:28,budget-web-frontend,85.75,48056.32,0,
2025-12-04 23:33:37,budget-web-backend,460.70,48056.32,0,
2025-12-04 23:33:37,budget-web-frontend,85.79,48056.32,0,
2025-12-04 23:33:46,budget-web-backend,460.70,48056.32,0,
2025-12-04 23:33:46,budget-web-frontend,85.82,48056.32,0,
2025-12-04 23:33:55,budget-web-backend,460.70,48056.32,0,
2025-12-04 23:33:55,budget-web-frontend,85.86,48056.32,0,
2025-12-04 23:34:04,budget-web-backend,460.70,48056.32,0,
2025-12-04 23:34:04,budget-web-frontend,85.90,48056.32,0,
2025-12-04 23:34:13,budget-web-backend,460.70,48056.32,0,
2025-12-04 23:34:13,budget-web-frontend,85.94,48056.32,0,
2025-12-04 23:34:22,budget-web-backend,460.70,48056.32,0,
2025-12-04 23:34:22,budget-web-frontend,84.92,48056.32,0,
2025-12-04 23:34:32,budget-web-backend,460.70,48056.32,0,
2025-12-04 23:34:32,budget-web-frontend,84.95,48056.32,0,
2025-12-04 23:34:41,budget-web-backend,460.70,48056.32,0,
2025-12-04 23:34:41,budget-web-frontend,84.98,48056.32,0,
2025-12-04 23:34:50,budget-web-backend,460.70,48056.32,0,
2025-12-04 23:34:50,budget-web-frontend,85.01,48056.32,0,
2025-12-04 23:34:59,budget-web-backend,460.70,48056.32,0,
2025-12-04 23:34:59,budget-web-frontend,85.04,48056.32,0,
2025-12-04 23:35:08,budget-web-backend,460.70,48056.32,0,
2025-12-04 23:35:08,budget-web-frontend,85.07,48056.32,0,
2025-12-04 23:35:17,budget-web-backend,460.70,48056.32,0,
2025-12-04 23:35:17,budget-web-frontend,85.09,48056.32,0,
2025-12-04 23:35:26,budget-web-backend,460.70,48056.32,0,
2025-12-04 23:35:26,budget-web-frontend,85.13,48056.32,0,
2025-12-04 23:35:35,budget-web-backend,460.70,48056.32,0,
2025-12-04 23:35:35,budget-web-frontend,85.14,48056.32,0,
2025-12-04 23:35:44,budget-web-backend,460.70,48056.32,0,
2025-12-04 23:35:44,budget-web-frontend,85.18,48056.32,0,
2025-12-04 23:35:53,budget-web-backend,460.70,48056.32,0,
2025-12-04 23:35:53,budget-web-frontend,85.20,48056.32,0,
2025-12-04 23:36:02,budget-web-backend,460.70,48056.32,0,
2025-12-04 23:36:02,budget-web-frontend,85.24,48056.32,0,
2025-12-04 23:36:11,budget-web-backend,460.70,48056.32,0,
2025-12-04 23:36:11,budget-web-frontend,85.27,48056.32,0,
2025-12-04 23:36:20,budget-web-backend,460.70,48056.32,0,
2025-12-04 23:36:20,budget-web-frontend,85.15,48056.32,0,
2025-12-04 23:36:29,budget-web-backend,460.70,48056.32,0,
2025-12-04 23:36:29,budget-web-frontend,85.19,48056.32,0,
